Liednummer(neu)	Liednummer(alt)	Titel
436	n.v.	Ach bleib mit deiner Gnade bei uns
921	657	Ach wie flüchtig, ach wie nichtig
242	n.v.	Adeste fideles / Nun freut euch, ihr Christen (neu: lat. Text)
829,1	n.v.	Adoramus te (Kv, 4-stg., Taizé)
119	417	Agnus Dei (Adventus et quadragesima)
116	413	Agnus Dei (Lux et origo)
n.v.	421	Agnus Dei (Missa Alme Pater)
111	408	Agnus Dei (Missa de Angelis)
107	404	Agnus Dei (Missa mundi)
n.v.	526,6	All ihr Dürstenden, kommt zum Wasser
619,2	281,2	All ihr Werke des Herrn (Daniel)
397	n.v.	All meine Quellen entspringen in dir (Kanon)
852,1	n.v.	All meine Quellen entspringen in dir, V (Kv)
426	n.v.	All meine Quellen entspringen in dir, VIII (Kv)
n.v.	666	All Morgen ist ganz frisch und neu
733,2	149,1	Alle Enden der Erde, VIII (Kv)
526	589	Alle Tage sing' und sage
645,5	n.v.	Alle wurden erfüllt mit Heiligem Geist, V (Kv)
170	457	Allein Gott in der Höh' sei Ehr
174,1	n.v.	Alleluia (4-stg., Taizé)
175,2	530,7	Alleluia, VI / Halleluja (gregorianisch)
65,3	530,7	Alleluia, VI / Halleluja (Kv, gregorianisch)
87	758,1	Aller Augen warten auf dich (geändert)
556	210	Allerheiligen-Litanei
556	762	Allerheiligen-Litanei
n.v.	552	Alles Leben ist dunkel
455	615	Alles meinem Gott zu Ehren
818	678,1	Alles, was atmet, lobe den Herrn, VII (Kv)
619,1	n.v.	Alles, was Odem hat, lobe den Herrn, V (Kanon)
616,5	678,1	Alles, was Odem hat, VII (Kv) / Alles, was atmet (geändert)
666,1	n.v.	Alma redemptoris mater (Marian. Antiphon)
739	n.v.	Als die Welt verloren
246	n.v.	Als ich bei meinen Schafen wacht'
281	n.v.	Also sprach beim Abendmahle
766	n.v.	Am Ölberg in nächtlicher Stille
780	828	Am Sonntag, eh die Sonn aufging
201,2	n.v.	Amen (1-2-stg., Haugen)
201,3	n.v.	Amen (Kanon)
178	448	Amen, wir glauben (Credo) (verändert)
n.v.	701	Angelangt an der Schwelle des Abends
n.v.	887	Apostel du, von Gott gesandt
124	424,1	Asperges me
346	n.v.	Atme in uns, Heiliger Geist
n.v.	624	Auf dein Wort, Herr, lass uns vertrauen
838	293	Auf dich allein ich baue
36,1	n.v.	Auf dich haben unsere Väter vertraut, II (Kv)
141	525	Auf, lasst uns jubeln dem Herrn, I
631,2	217 Kv	"Auf, werde licht, Jerusalem, IX (Kv) (anderer Text zu ""Singt ihr Christen"")"
644,3	232,1	Auferstanden ist der Herr, VII (Kv)
644,3	238	Auferstanden ist der Herr, VII (Kv)
706	n.v.	Aus den Dörfern und aus Städten
511	n.v.	Aus der Tiefe rufe ich (, Herr,) zu dir, I (Kv, geändert)
283	n.v.	Aus der Tiefe rufe ich zu dir
n.v.	162	Aus der Tiefe unsrer Todesangst
312,5	n.v.	Aus der Tiefe zogst du mich empor, VII (Kv)
727	109	Aus hartem Weh'
86	669	Aus meines Herzens Grunde
277	163	Aus tiefer Not
85	n.v.	Ausgang und Eingang (Kanon)
529	n.v.	Ave Maria (gregorianisch)
537	580	Ave Maria gratia plena (1617)
894	581	Ave Maria klare
527	583	Ave Maria zart
520	596	Ave maris stella
666,2	n.v.	Ave Regina caelorum (Marian. Antiphon)
70,1	n.v.	Baut der Herr nicht das Haus, X (Kv)
418	n.v.	Befiehl du deine Wege
312,3	527,7	Behüte mich, Gott, II (Kv, geändert)
649,2	527,7	Behüte mich, Gott, II (Kv, geändert)
82	n.v.	Behutsam leise nimmst du fort
763	824	Bei stiller Nacht
94	n.v.	Beib bei uns, Herr (4-stg.)
639,3	172,5	Beim Herrn ist Barmherzigkeit, II (Kv) / Beim Herrn ist die Huld (geändert)
639,3	82,1	Beim Herrn ist Barmherzigkeit, II (Kv, geändert)
639,3	191,1	Beim Herrn ist Barmherzigkeit, II (Kv, geändert)
639,3	746,1	Beim Herrn ist Barmherzigkeit, II (Kv, geändert)
518	82,2	Beim Herrn ist Barmherzigkeit, VII (Kv)
518	191,1	Beim Herrn ist Barmherzigkeit, VII (Kv)
518	746,1	Beim Herrn ist Barmherzigkeit, VII (Kv)
282	537	Beim letzten Abendmahle
639,5	160	Bekehre uns (Kv, geändert)
266	160	Bekehre uns, vergib die Sünde
912	n.v.	Bekenner in der Schreckenszeit (Lübecker Märtyrer)
631,5	n.v.	Benedic anima mea, VIII (Kv)
410	n.v.	Benedictus Dominus, VI (Kv, gregorianisch)
623,7	89,1	Benedictus, I - Gepriesen sei der Herr - Lobgesang des Zacharias (geändert)
617,2	681	Benedictus, V (VIII) - Gepriesen sei der Herr - Lobgesang des Zacharias (geändert)
65,4	n.v.	Benedixisti Domine, VI (Kv, gregorianisch)
226	119,3	Bereitet den Weg des Herrn, VI (Kv)
663	696	Bevor des Tages Licht vergeht (Hymnus)
n.v.	702	Bevor die Sonne sinkt
453	n.v.	Bewahre uns, Gott
48,1	n.v.	Biete deine Macht auf, I (Kv)
40,1	n.v.	Bis in den Himmel reicht deine Liebe, I (Kv)
325	n.v.	Bleibe bei uns
286	n.v.	Bleibet hier und wachet mit mir (Kv, 4-stg., Taizé)
897	n.v.	Bless the Lord, my soul (Taizé)
861	618	Brich dem Hungrigen dein Brot
n.v.	729,1	Bring dem Höchsten als Opfer dein Lob
n.v.	747,1	Bring dem Höchsten als Opfer dein Lob
n.v.	535,1	Bringet, ihr Völker, herbei
378	n.v.	Brot, das die Hoffnung nährt
874	n.v.	Caminano juntos
319	228	Christ fuhr gen Himmel (Leise)
318	213	Christ ist erstanden von der Marter alle (Leise)
825	n.v.	Christe Salvator (Kv, 4-stg., Taizé)
208	482	Christe, du Lamm Gottes (Braunschweig)
204	502	Christe, du Lamm Gottes (Graz)
n.v.	865	Christen, seht der Engel Speise
884	n.v.	Christen, singt mit frohem Herzen
532	584	Christi Mutter stand mit Schmerzen
305,2	n.v.	Christus Erlöser, VIII (Kv)
644,6	563	Christus gestern, IV
639,8	192	Christus hat für euch (uns) gelitten, 1 Petr 2 (geändert)
n.v.	762,3	Christus höre uns
n.v.	255	Christus ist erhöht zum Vater
644,2	n.v.	Christus ist erstanden (Himmelf.)
644,1	237	Christus ist erstanden (Responsorium breve)
333	233,3	Christus ist erstanden, VI (Kv)
636,4	155	Christus ist geboren
772	233,4	Christus ist unser Osterlamm, VI (Kv)
629,6	174	Christus Jesus war Gott gleich (Phil 2) / Jesus Christus ist der Herr (geändert)
629,6	694	Christus Jesus war Gott gleich (Phil 2) / Jesus Christus ist der Herr (geändert)
733,1	n.v.	Christus kommt, maranatha (Kanon)
560	564	Christus Sieger (vollständig)
629,5	564	Christus Sieger, V/VI (einf. Ruf)
287	176,3	Christus war für uns gehorsam bis zum Tod, II (Kv, geändert)
287	203,2	Christus war für uns gehorsam bis zum Tod, II (Kv, geändert)
657,5	176,3	Christus war für uns gehorsam bis zum Tod, VI (Kv, geändert)
657,5	203,2	Christus war für uns gehorsam bis zum Tod, VI (Kv, geändert)
507	662	Christus, der ist mein Leben
90	704	Christus, du bist der helle Tag
370	n.v.	Christus, du Herrscher des Himmels und der Erde
546	n.v.	Christus, du Licht vom wahren Licht
616,8	125	Christus, du Sohn des lebendigen Gottes
616,8	679	Christus, du Sohn des lebendigen Gottes
307,7	n.v.	Christus, du Sohn des lebendigen Gottes (Responsorium, Karfreitag)
181,2	n.v.	Christus, erhöre uns (4-stg., Seuffert)
n.v.	446	Christus, Gottes Lamm (Allerheiligen-Messe)
n.v.	442	Christus, Gottes Lamm (Mainzer Dom-Messe)
n.v.	175	Christus, Gotteslamm, Opfer am Kreuzesstamm
n.v.	506	Christus, Herr, erbarme dich
586,5	358,2	Christus, höre uns
n.v.	214	Christus, Sieger über Schuld
618,2	n.v.	Confitemini Domino (4-stg., Taizé)
122	423	Credo (gregorianisch)
177,1	n.v.	Credo (Lécot)
180	n.v.	Credo (Wilson)
n.v.	187	Da Jesus an dem Kreuze stund
473	309	Da pacem Domine (gregorianisch)
88,2	16,9	Dank dir, Vater, für die Gaben (Kanon)
484	634	Dank sei dir, Vater
828	n.v.	Danke für diesen guten Morgen
814	n.v.	Danket dem Herrn, denn er ist gut
n.v.	281,1	Danket dem Herrn, denn er ist gut
n.v.	284,1	Danket dem Herrn, denn er ist gut
444	n.v.	Danket dem Herrn, denn ewig währt seine Liebe, V (Kv)
404	688	Danket dem Herrn, er hat uns erhöht, IX (Kv)
827,3	233,1	Danket dem Herrn, er ist gütig, VI/V (Kv)
827,3	235,1	Danket dem Herrn, er ist gütig, VI/V (Kv)
402	227	Danket Gott, denn er ist gut
406	283	Danket, danket dem Herrn (Kanon)
633,9	154	Dankt dem Vater mit Freude - Kol 1,12-20 (Kv, geändert)
633,8	154	Dankt dem Vater mit Freude (Kv, geändert)
744	154	Dankt dem Vater mit Freude, VIII/III (Kv, ohne Verse)
743	n.v.	Das alte Jahr verflossen ist
n.v.	479	Das Apostolische Glaubensbekenntnis I
771	n.v.	Das Grab ist leer
n.v.	449	Das große Glaubensbekenntnis
498	547	Das Heil der Welt
630,2	686	Das Heil und die Herrlichkeit (Offb 19, geändert)
857	n.v.	Das ist dein Tag
66,1	232,4	Das ist der Tag, den der Herr gemacht, VI (Kv)
66,1	236,1	Das ist der Tag, den der Herr gemacht, VI (Kv)
335	232,4	Das ist der Tag, den der Herr gemacht, VI (Kv)
329	220	Das ist der Tag, den Gott gemacht
n.v.	271	Das ist ein köstlich Ding dem Herren danken
465	n.v.	Das Jahr steht auf der Höhe
726	n.v.	Das Licht einer Kerze
636,1	n.v.	Das Licht leuchet in der Finsternis (Kv)
210	620	Das Weizenkorn muss sterben
255	149,6	Das Wort wurde Fleisch, VIII (Kv, geändert)
728	807	Das Zeichen ist geschehen
389	n.v.	Dass du mich einstimmen lässt
657,3	527,2	Dein Erbarmen, o Herr, II (Kv, geändert)
n.v.	843	Dein Gnad', dein Macht und Herrlichkeit
760	n.v.	Dein ist die Ehre, I (Kv)
381	263	Dein Lob, Herr, ruft der Himmel aus
232	n.v.	Dein Reich komme (Kv)
n.v.	561,2	Dein sind die Himmel, dein ist die Erde
630,4	687	Dein Wort ist Licht und Wahrheit (Doxologie geändert)
n.v.	508	Dein Wort, o Herr, geleitet uns
n.v.	629,1	Deine Heiligen krönst du mit Ehre
880	861	Deinem Heiland, deinem Lehrer
719	n.v.	Deinen Tod, o Herr, verkünden wir (Becker)
201,1	n.v.	Deinen Tod, o Herr, verkünden wir (Janssens)
738	143	Dem Herrn in der Höhe (Weihnachten)
n.v.	209,1	Dem Herrn will ich singen
312,4	209,1	Dem Herrn will ich singen, VIII (Kv)
312,4	680	Dem Herrn will ich singen, VIII (Kv)
624,2	209,1	Dem Herrn will ich singen, VIII (Kv)
624,2	680	Dem Herrn will ich singen, VIII (Kv)
540	607	Den Engel lasst uns preisen / Lasst uns den Engel preisen (Text geändert)
646,2	n.v.	Den Geist seines Sohnes, VII (Kv)
395	261	Den Herren will ich loben
836	n.v.	Den König, der da kommen wird, V/VI (Rufe durchs Kirchenjahr)
n.v.	661	Den Menschen, die aus dieser Zeit
589,5	364,1	Denn dein ist das Reich
704	n.v.	Der Abend kommt
n.v.	886	Der du das blinde Heidentum
257	157	Der du die Zeit in Händen hast (geändert)
469	n.v.	Der Erde Schöpfer und ihr Herr
589,7	364,3	Der Friede des Herrn
n.v.	364,3	Der Friede des Herrn sei allezeit mit euch
n.v.	254	Der Geist des Herrn erfüllet sie
n.v.	536,3	Der Geist des Herrn erfüllet sie
347	249	Der Geist des Herrn erfüllt das All
646,1	n.v.	Der Geist des Herrn erfüllt den Erdkreis (Resp.)
n.v.	251	Der Heilige Geist erfüllet das All
67,1	n.v.	Der Herr behütet dich, VI (Kv)
n.v.	567	Der Herr bricht ein um Mitternacht
653,5	n.v.	Der Herr der Scharen steht uns bei, VII (Kv)
n.v.	535,5	Der Herr ernährt uns mit dem Brote des Lebens
922	n.v.	Der Herr gebe dir seinen Segen (Kanon)
n.v.	626,2	Der Herr gibt ein Beispiel
n.v.	233,5	Der Herr hat den Tod besiegt. Halleluja
n.v.	603	Der Herr hat Großes an dir getan
69,1	753,1	Der Herr hat Großes an uns getan, IX (Kv, geändert)
432	753,1	Der Herr hat Großes an uns getan, IX (Kv, geändert)
631,3	n.v.	Der Herr hat Großes an uns getan, sein Name sei gepriesen, IX (Kv)
829,3	256	Der Herr hat Großes an uns getan
840	n.v.	Der Herr hat mich gesehen
n.v.	233,6	Der Herr hat sein Volk befreit. Halleluja
n.v.	528,2	Der Herr hat uns befreit, er schenkt
60,1	233,7	Der Herr hat uns befreit, VI (Kv)
60,1	685,1	Der Herr hat uns befreit, VI (Kv)
307,2	n.v.	Der Herr hat uns mit seinem Blut erkauft, VI (Kv)
77,1	n.v.	Der Herr ist erhaben, VII (Kv)
n.v.	527,4	Der Herr ist mein Hirt, ich leide nicht Not
37,1	535,6	Der Herr ist mein Hirt, VI (Kv)
37,1	718,1	Der Herr ist mein Hirt, VI (Kv)
38,1	90,1	Der Herr ist mein Licht und mein Heil, IV (Kv)
38,1	487	Der Herr ist mein Licht und mein Heil, IV (Kv)
38,1	719,1	Der Herr ist mein Licht und mein Heil, IV (Kv)
76,1	698,1	Der Herr ist nahe allen, die ihn rufen, I (Kv, geändert)
76,1	720,1	Der Herr ist nahe allen, die ihn rufen, I (Kv, geändert)
852,3	692,1	Der Herr ist unser Friede, VIII (Kv)
n.v.	731,1	Der Herr krönt das Jahr mit seinem Segen
45,1	149,4	Der Herr krönt das Jahr mit seinem Segen, VI (Kv, geändert)
45,1	731,1	Der Herr krönt das Jahr mit seinem Segen, VI (Kv, geändert)
n.v.	89,1	Der Herr schenkt seinem Volk den Frieden
n.v.	123,1	Der Herr schenkt seinem Volk den Frieden
n.v.	528,6	Der Herr schenkt seinem Volk den Frieden
n.v.	355,5	Der Herr sei mit euch
n.v.	360,1	Der Herr sei mit euch
32,1	149,5	Der Herr sprach (spricht) zu mir, I (Kv, geändert)
n.v.	119,2	Der Herr steht vor der Tür
n.v.	148,2	Der Herr tut Wunder vor den Augen der Völker
517	83,1	Der Herr vergibt die Schuld, IV (Kv)
517	527,5	Der Herr vergibt die Schuld, IV (Kv)
517	721,1	Der Herr vergibt die Schuld, IV (Kv)
517	742,1	Der Herr vergibt die Schuld, IV (Kv)
452	n.v.	Der Herr wird dich mit seiner Güte segnen
n.v.	674	Der Herr wird kommen als König
n.v.	811	Der Herr wird kommen, Halleluja (Kv)
n.v.	117,4	Der Himmel freue sich, die Erde jauchze
635,6	151	Der Himmel freue sich, VII (Kv, geändert)
164	485	Der in seinem Wort uns hält
305,3	176,5	Der Kelch, den wir segnen, VI (Kv, geändert)
299	n.v.	Der König siegt, sein Banner glänzt / Des Königs Banner wallt empor (geändert)
100	n.v.	Der Lärm verebbt
93	n.v.	Der Mond ist aufgegangen
79,1	n.v.	Der Name des Herrn ist erhaben, VII (Kv)
661,5	n.v.	Der Name des Herrn sei gepriesen
616,3	693,1	Der Name des Herrn sei gepriesen (V) / Gepriesen sei der Herr (geändert)
62,1	693,1	Der Name des Herrn sei gepriesen, V (Kv) / Gepriesen sei der Herr (geändert)
701	805	Der Tag ist aufgegangen
750	n.v.	Dich liebt, o Gott, mein ganzes Herz
812	n.v.	Dich lobt, mein Gott, was du gemacht
n.v.	274	Dich will ich rühmen, Herr und Gott
798	853	Dich, König, loben wir
n.v.	548	Die einen fordern Wunder
870	n.v.	Die Felder alle reifen
624,5	627,2	Die Freude an Gott, V (Kv, geändert)
n.v.	57,2	Die ganze Welt muss sich schuldig bekennen vor Gott
332	219	Die ganze Welt, Herr Jesu Christ
n.v.	667	Die helle Sonne leucht´ jetzt herfür
412	n.v.	Die Herrlichkeit des Herrn bleibe ewiglich (Kanon)
n.v.	713,1	Die Himmel rühmen die Herrlichkeit Gottes
488	n.v.	Die ihr auf Christus getauft seid (4-stg.)
64,1	745,1	Die ihr ihn fürchtet, vertraut auf den Herrn, II (Kv) / Vertraut auf den Herrn (geändert)
64,1	752,1	Die ihr ihn fürchtet, vertraut auf den Herrn, II (Kv) / Vertraut auf den Herrn (geändert)
904	872	Die Jungfrau auserkoren
482	n.v.	Die Kirche steht gegründet
83	n.v.	Die Nacht ist vergangen
220	111	Die Nacht ist vorgedrungen
892	876	Die Schönste von allen
n.v.	732,1	Die Völker sollen dir danken, o Gott
n.v.	535,4	Die Weisung Gottes ist gerecht
622,2	124,2	Die Wüste und das trockene Land, VIII (I) / Wüste und Öde - Jesaja 35 (geändert)
n.v.	709,1	Dient dem Herrn in Furcht
214	n.v.	Dies Brot ist mein Leib
305,4	626,4	Dies ist mein Gebot, VI (Kv)
305,4	751,1	Dies ist mein Gebot, VI (Kv)
103	n.v.	Dieser Tag ist Christus eigen
167	476	Dir Gott im Himmel Preis und Ehr
670,8	n.v.	Dir sei Preis und Dank und Ehre (Kv, 1-3-stg.)
183	533	Dir Vater Lobpreis werde
830	n.v.	Dir, dir, o Höchster, will ich singen
782	n.v.	Dir, höchster Gott, sei Preis und Ehr (Ostern)
590,2	n.v.	Domine, non sum dignus
n.v.	377,1	Dominus vobiscum
n.v.	376,3	Dominus vobiscum – Et cum spiritu tuo
746	n.v.	Drei Kön'ge führte Gottes Hand
748	n.v.	Drei Weise ziehen fort zum Herrn
794	279	Dreifaltiger verborgner Gott (geändert)
882	n.v.	Du bist das Brot, das den Hunger stillt
264,2	149,7	Du bist das Licht, die Völker zu erleuchten, VII/VI (Kv, geändert)
625,6	n.v.	Du bist der Ruhm Jerusalems, V (Kv)
834	n.v.	Du bist heilig (Kanon)
373	n.v.	Du bist Licht und du bist Leben, VI (Kv)
59,1	684,1	Du bist Priester auf ewig (Kv), I / Jesus Christus, du bist (geändert)
629,1	712,1	Du führst mich hinaus ins Weite, I (Kv)
879	n.v.	Du Gottmensch
648	n.v.	Du große Herrin (Hymnus, Maria)
323	n.v.	Du hast mein Klagen in Tanzen verwandelt (Kv)
327	n.v.	Du hast mein Klagen in Tanzen verwandelt, II/IX (Kv)
869	n.v.	Du hast uns deine Welt geschenkt
310,8	n.v.	Du hast uns erlöst durch dein Kreuz, V (Kv)
652,1	632	Du hast uns erlöst mit deinem Blut
n.v.	505	Du hast uns, Herr, gerufen
185	798	Du hast, o Herr, dein Leben / O Gott, nimm an die Gaben (geändert)
796	557	Du höchstes Licht
254	n.v.	Du Kind, zu dieser heiligen Zeit
803	553	Du König auf dem Kreuzesthron
96	n.v.	Du lässt den Tag, o Gott, nun enden
615	n.v.	Du Licht des Himmels
95	n.v.	Du Licht vom Lichte (4-stg.)
906	882	Du mein Schutzgeist, Gottes Engel
n.v.	528,1	Du nimmst mich, Herr, bei der Hand
146	n.v.	Du rufst uns, Herr, an deinen Tisch
161	523	Du rufst uns, Herr, trotz unsrer Schuld
891	n.v.	Du schöne Ros'
n.v.	185	Du schweigst, Herr, da der Richter feige
855	n.v.	Du sei bei uns (4-stg., Quast)
182	n.v.	Du sei bei uns (Quast, 1-stg.)
269	675	Du Sonne der Gerechtigkeit / Christus, du Sonne unsres Heils (geändert)
209	n.v.	Du teilst es aus
n.v.	855	Du wahrer Gottessohn
859,9	n.v.	Du wurdest mein Helfer, VI/IX (Kv)
813	n.v.	Du zeigst uns den Pfad zum Leben (Kv)
915	885	Du, aus Davids Stamm geboren
547	n.v.	Du, Herr, hast sie für dich erwählt
n.v.	711,2	Du, Herr, wirst du uns behüten
639,7	192	Durch Christi (seine) Wunden sind wir geheilt, IV (Kv, geändert)
n.v.	360,7	Durch ihn und mit ihm und in ihm
724	810	Ecce Dominus veniet
308,2	204,1	Ecce lignum (Akklamation)
822	456	Ehre dir, Gott, im heil'gen Thron
n.v.	499	Ehre sei Dir, Christe
n.v.	507	Ehre sei Gott im Himmel
n.v.	793	Ehre sei Gott in der Höhe
n.v.	455	Ehre sei Gott in der Höhe
n.v.	444	Ehre sei Gott in der Höhe (Allerheiligen-Messe)
707	n.v.	Ehre sei Gott in der Höhe (Cambourian)
n.v.	430	Ehre sei Gott in der Höhe (Florian-Messe)
166	n.v.	Ehre sei Gott in der Höhe (Haselböck)
173,2	n.v.	Ehre sei Gott in der Höhe (Jesaja-Ton)
709	n.v.	Ehre sei Gott in der Höhe (Kolberg)
131	437	Ehre sei Gott in der Höhe (Paulus)
708	426	Ehre sei Gott in der Höhe (Rohr)
168,2	n.v.	Ehre sei Gott in der Höhe (Stimmer-Salzeder)
816	794	Ehre sei Gott in der Höhe (Verspoell)
636,5	n.v.	Ehre sei Gott in der Höhe, VII (Kv)
413	n.v.	Ehre, Ehre sei Gott in der Höhe (Schubert)
528	n.v.	Ein Bote kommt, der Heil verheißt
382	n.v.	Ein Danklied sei dem Herrn
844	n.v.	Ein Funke, aus Stein geschlagen
478	639	Ein Haus voll Glorie
478	871	Ein Haus voll Glorie (zusätzliche Strophe)
800	856	Ein Herz ist uns geschenket
n.v.	136	Ein Kind ist uns geboren heut
n.v.	148,1	Ein Kind ist uns geboren, …
740	146	Ein Kind, gebor'n zu Bethlehem
n.v.	46	Ein kleines Kind, du großer Gott
n.v.	626,5	Ein neues Gebot gibt uns der Herr
n.v.	844	Ein neues Lied singt Gott, dem Herren
301	n.v.	Ein reines Herz erschaffe mir, Gott, IV (Kv)
35,1	n.v.	Ein Tag sagt es jubelnd dem andern, VII (Kv)
479	642	Eine große Stadt ersteht
102	n.v.	Eine ruhige Nacht (Kanon)
250	n.v.	Engel auf den Feldern singen (1-3-stg.) (verändert)
664,5	n.v.	Er befiehlt seinen Engeln, V (Kv)
633,9	154,1	Er hat euch (uns) fähig (würdig) gemacht (Kol 1, geändert)
639,1	171,1	Erbarme dich meiner, o Gott, IV (Kv)
639,1	190,1	Erbarme dich meiner, o Gott, IV (Kv)
268	164	Erbarme dich, erbarm' dich mein
411	841	Erde, singe
467	259	Erfreue dich, Himmel, erfreue dich, Erde
353	n.v.	Erhabene Dreifaltigkeit
439	302	Erhör', o Gott, mein Flehen (verändert)
181,3	563	Erhöre uns, Christus (gregorianisch)
632,1	n.v.	Erhöre uns, Herr (4-stg.)
n.v.	118,2	Erscheine strahlend über den Himmeln
n.v.	225	Erschienen ist der herrlich Tag
n.v.	133	Es ist ein Ros entsprungen
243	132	Es ist ein Ros' entsprungen
725	806	Es kam ein treuer Bote
236	114	Es kommt ein Schiff
549	n.v.	Es wird sein in den letzten Tagen
n.v.	664,1	Ewige Freude schenke ihnen, Herr
n.v.	85,1	Ewiges Leben schenke ihnen o Herr, es leuchte ihnen das ewige Licht
n.v.	664,2	Ewiges Leben schenke ihnen, o Herr
875	n.v.	Fest soll mein Taufbund
525	576	Freu dich, du Himmelskönigin
741	813	Freu dich, Erd' und Sternenzelt
337	n.v.	Freu dich, erlöste Christenheit
312,6	n.v.	Freudig lasst uns schöpfen, V (Kv)
n.v.	117,3	Freuet euch allzeit im Herrn
n.v.	118,5	Freut euch allezeit: wir ziehn dem Herrn entgegen
732	808	Freut euch im Herrn
654,2	n.v.	Freut euch mit Jerusalem, VII (Kv)
n.v.	631,1	Freut euch und jubelt
56,1	741,1	Freut euch, wir sind Gottes Volk, V (Kv)
651,5	646,1	Freut euch, wir sind Gottes Volk, V (Kv)
651,5	722,1	Freut euch, wir sind Gottes Volk, V (Kv)
651,5	741,1	Freut euch, wir sind Gottes Volk, V (Kv)
68,1	n.v.	Friede sei in deinen Mauern, VI (Kv)
73,1	n.v.	Friede sei in deinen Mauern, VI (Kv)
633,5	n.v.	Frieden verkündet der Herr seinem Volk, II (Kv)
548	n.v.	Für alle Heil'gen
292	n.v.	Fürwahr, er trug unsere Krankheit
649,7	n.v.	Gebenedeit bist du, VII (Kv)
536	573	Gegrüßet seist du, Königin
650,1	602	Gegrüßet seist du, Maria (geändert)
865	n.v.	Geh aus, mein Herz
859,7	n.v.	Geh mit uns auf unserm Weg
859,5	n.v.	Geh ruhig und gelassen (Kanon)
842	650,1	Geheiligt hat der Herr sein Volk, VII/VIII (Kv)
n.v.	360,6	Geheimnis des Glaubens II
n.v.	360,5	Geheimnis des Glaubens l
n.v.	366,4	Gehet hin in Frieden
591,4	366,4	Gehet hin in Frieden (verändert)
591,6	366,5	Gehet hin in Frieden, Halleluja (verändert)
n.v.	366,5	Gehet hin in Frieden. Halleluja
454	646,5	Geht in alle Welt, VI (Kv)
350	n.v.	Geist der Zuversicht (Kanon)
252	130	Gelobet seist du, Jesu Christ
328	218	Gelobt sei Gott im höchsten Thron
n.v.	610	Gelobt sei Gott in aller Welt
n.v.	837	Gelobt sei Gott, der Vater
799	854	Gelobt sei Jesus Christus
375	560	Gelobt seist du, Herr Jesu Christ
559	285,1	Gelobt seist du, mein Herr (Sonnengesang des Franziskus)
781	230	Gen Himmel aufgefahren ist
616,4	677,2	Gepriesen bist du, Herr (Lobgesang aus Daniel, geändert)
623,7	681	Gepriesen sei der Herr, I - Benedictus - Lobgesang des Zacharias (geändert)
617,2	681	Gepriesen sei der Herr, V (VIII) - Benedictus - Lobgesang des Zacharias (geändert)
649,8	n.v.	Gepriesen sei Gott, Eph 1,3ff.
n.v.	198,2	Gepriesen, der kommt im Namen des Herrn
n.v.	87	Gesät wird in Schwachheit, auferweckt in Kraft
775	832	Gewaltiger Herrscher
n.v.	641	Gleichwie mich mein Vater
173,1	n.v.	Gloria (Lécot)
114	411	Gloria (Lux et origo)
109	406	Gloria (Missa de Angelis)
105	402	Gloria (Missa mundi)
168,1	n.v.	Gloria in excelsis Deo (Taizé, Kanon)
831	n.v.	Gloria, gloria in excelsis Deo (Kv, in Verbindung mit gesprochenem Text)
n.v.	894	Gnädigster Erbarmer
n.v.	305	Gott der Vater, steh uns bei
160	524	Gott des Vaters ew'ger Sohn
468	n.v.	Gott gab uns Atem
43,1	n.v.	Gott hat dich gesegnet auf ewig, V (Kv)
907	n.v.	Gott hat mir längst einen Engel gesandt
821	n.v.	Gott in der Höh' sei Ehre
172	464	Gott in der Höh' sei Preis und Ehr'
354	489	Gott ist dreifaltig einer
387	n.v.	Gott ist gegenwärtig
835,2	n.v.	Gott lädt uns ein (Kv)
464	297	Gott liebt diese Welt
399	n.v.	Gott loben in der Stille
n.v.	211	Gott redet, und Quellen springen auf
477	640	Gott ruft sein Volk zusammen
n.v.	613	Gott sei durch euch gepriesen
215	494	Gott sei gelobet und gebenedeiet
823	795	Gott soll gepriesen werden
340	232,5	Gott steigt empor, VI (Kv)
n.v.	85,2	Gott tilge mein Vergehen, denn du bist reich an Erbarmen
429	290	Gott wohnt in einem Lichte
539	605	Gott, aller Schöpfung heiliger Herr
n.v.	733,1	Gott, bleib nicht fern von mir
815	n.v.	Gott, den Allherrscher
499	74	Gott, der nach seinem Bilde (geändert)
829,2	n.v.	Gott, du bist gut (Kv, geändert)
616,1	n.v.	Gott, du mein Gott, dich suche ich, IV (Kv)
230	116	Gott, heil'ger Schöpfer aller Stern
n.v.	308	Gott, mein Gott, warum hast du mich verlassen
n.v.	529,3	Gott, sei uns gnädig
n.v.	172,3	Gott, tilge mein Vergehn
n.v.	119,4	Gott, unser Herr, spendet seinen Segen
859,6	n.v.	Gott, unser Vater, höre uns (4-stg.)
862	n.v.	Gott, wir bitten dich, sorg du für uns (Kanon)
506	n.v.	Gott, wir vertrauen dir diesen Menschen an
758	161	Gottes Lamm, Herr Jesu Christ
259	n.v.	Gottes Stern leuchte uns
450	n.v.	Gottes Wort ist wie Licht in der Nacht
497	546	Gottheit tief verborgen
n.v.	626,1	Groß und gewaltig ist der Herr
n.v.	757,1	Groß und gewaltig ist der Herr
913	889	Großer Godhard
380	257	Großer Gott, wir loben dich
n.v.	586	Gruß dir, Mutter, in Gottes Herrlichkeit
n.v.	760,1	Gut ist's, dem Herrn zu danken
878	n.v.	Guter Gott, wir danken dir
622,1	n.v.	Habt Mut, ihr Verzagten, VIII (Kv)
n.v.	355,4	Halleluja
n.v.	488	Halleluja
n.v.	509	Halleluja
n.v.	536,4	Halleluja
n.v.	724,1	Halleluja
n.v.	748,1	Halleluja
n.v.	530,2	Halleluja (2.Ton)
n.v.	530,3	Halleluja (2.Ton)
n.v.	531,7	Halleluja (2.Ton)
n.v.	532,3	Halleluja (2.Ton)
n.v.	532,7	Halleluja (2.Ton)
n.v.	530,4	Halleluja (4.Ton)
n.v.	530,5	Halleluja (4.Ton)
n.v.	532,1	Halleluja (4.Ton)
n.v.	532,4	Halleluja (4.Ton)
174,2	n.v.	Halleluja (4-stg., Ostkirchlich)
n.v.	531,8	Halleluja (5. Ton)
n.v.	466	Halleluja (5.Ton)
n.v.	532,5	Halleluja (5.Ton)
n.v.	500	Halleluja (6.Ton)
n.v.	531,1	Halleluja (6.Ton)
n.v.	532,2	Halleluja (8.Ton)
n.v.	532,6	Halleluja (8.Ton)
175,1	n.v.	Halleluja (Bozen/Brixen)
175,3	n.v.	Halleluja (Kronberg)
244	n.v.	Halleluja (Kv, weihnachtlich)
483	n.v.	Halleluja (Lafferty) (gekürzt)
174,6	n.v.	Halleluja (Lesbordes)
175,6	n.v.	Halleluja (O'Carroll)
n.v.	209,5	Halleluja (Osternacht 2)
174,3	530,1	Halleluja (Rohr)
176,1	n.v.	Halleluja (Rottenburg)
n.v.	48,2	Halleluja (VIa)
174,4	n.v.	Halleluja (weihnachtlich)
544	n.v.	Halleluja (weihnachtlich)
778	833	Halleluja lasst uns singen (Preis dem Todesüberwinder - geändert)
174,3	488	Halleluja, I (Rohr)
322	221	Halleluja, ihr Christen singet hocherfreut
584,8	531,6	Halleluja, IX (Kv, gregorianisch)
643,1	531,6	Halleluja, IX (Kv, gregorianisch)
835,1	n.v.	Halleluja, V (Kv, Schmoll)
630,1	466	Halleluja, V (Kv, Seuffert) (verändert)
630,1	530,6	Halleluja, V (Kv, Seuffert) (verändert)
174,5	355,4	Halleluja, V (Seuffert)
174,5	466	Halleluja, V (Seuffert)
174,5	530,6	Halleluja, V (Seuffert)
643,5	530,7	Halleluja, VI (Kv, gregorianisch)
174,7	531,2	Halleluja, VI (Rohr)
174,8	478	Halleluja, VI (Zihlmann)
174,8	530,8	Halleluja, VI,V (Ziehlmann)
175,5	531,3	Halleluja, VII (gregorianisch)
175,4	531,4	Halleluja, VII (Rohr)
176,2	531,5	Halleluja, VIII (gregorianisch)
787	n.v.	Halleluja, VIII (Kv, Gabriel)
312,9	209,4	Halleluja, VIII (Kv, Osternacht)
702	n.v.	Halte zu mir, guter Gott
n.v.	728,1	Hängt euer Herz nicht an Reichtum
n.v.	118,1	Hebet Tore, eure Häupter
633,3	119,1	Hebt euch, Ihr Tore, VII (Kv, geändert)
633,3	122,1	Hebt euch, Ihr Tore, VII (Kv, geändert)
n.v.	566	Hebt euer Haupt ihr Tore all
917	n.v.	Heil'ger Ansgar
919	888	Heil'ger Bernward
785	n.v.	Heil'ger Geist, o Tröster mein
909	n.v.	Heil'ger Josef
759	823	Heil'ges Kreuz, sei hochverehret
127	427	Heilig (Alban)
195	n.v.	Heilig (Alstott)
191	n.v.	Heilig (Florenz, Kanon)
135	431	Heilig (Florian)
192	n.v.	Heilig (Gabriel, Kanon)
138	434	Heilig (Leopold)
129	441	Heilig (Mainzer Dommesse)
197	n.v.	Heilig (Offele)
132	438	Heilig (Paulus)
190	n.v.	Heilig (Proulx)
193	481	Heilig (Quack)
194	459	Heilig (Rohr)
388	n.v.	Heilig (Schubert)
200	n.v.	Heilig (Sperling)
196	491	Heilig (Steinau)
198	n.v.	Heilig bist du, großer Gott
199	469	Heilig ist Gott in Herrlichkeit
n.v.	510	Heilig, heilig
n.v.	445	Heilig, heilig (Allerheiligen-Messe)
n.v.	501	Heilig, heilig (Rohr)
718	801	Heilig, heilig, dreimal heilig
n.v.	497	Heilig, heilig, heilig Gott
n.v.	867	Heilig, heilig, heilig, unaussprechlich
720	802	Heilig, heilig, sei gepriesen
308,5	206	Heiliger Gott, IV / O du mein Volk, was tat ich dir (Kv, gekürzt)
300	n.v.	Heiliger Herre Gott (3-stg., ostkirchlich)
565	n.v.	Heilig-Geist-Litanei
734	815	Heiligste Nacht
660	n.v.	Heiteres Licht (Hymnus, 1-3-stg.)
802	817	Herr der Könige
n.v.	189	Herr Jesu Christ, dich zu uns wend
147	516	Herr Jesu Christ, dich zu uns wend'
582,6	353,6	Herr Jesus Christus, du bist vom Vater gesandt (Kyrie)
797	n.v.	Herr Jesus Christus, du gingst heim zum Vater
n.v.	511	Herr Jesus! Du bist das Lamm
176,3	n.v.	Herr Jesus, dir sei Ruhm und Ehre
n.v.	518	Herr Jesus, König ewiglich
n.v.	517	Herr Jesus, öffne unsern Mund
665,1	n.v.	Herr, auf dich vertraue ich
89	18,8	Herr, bleibe bei uns (Kanon)
92	18,8	Herr, bleibe bei uns, halleluja (4-stg., geändert)
n.v.	716,1	Herr, bleibe mir nicht fern
427	289	Herr, deine Güt' ist unbegrenzt
n.v.	301	Herr, deine Güte reicht, so weit der Himmel ist
n.v.	717,1	Herr, deine Treue will ich künden
n.v.	725,1	Herr, deine Treue will ich künden in der Gemeinde
n.v.	529,7	Herr, deine Werke danken dir
466	n.v.	Herr, dich loben die Geschöpfe
428	292	Herr, dir ist nichts verborgen
703	n.v.	Herr, du bist die Hoffnung
431	n.v.	Herr, du bist ein Schild für mich, IV (Kv)
52,1	738,1	Herr, du bist König über alle Welt, VIII (Kv)
456	n.v.	Herr, du bist mein Leben
312,7	355,2	Herr, du hast Worte ewigen Lebens, II/IV (Kv)
312,7	465	Herr, du hast Worte ewigen Lebens, II/IV (Kv)
312,7	714,1	Herr, du hast Worte ewigen Lebens, II/IV (Kv)
312,7	750,1	Herr, du hast Worte ewigen Lebens, II/IV (Kv)
584,4	355,2	Herr, du hast Worte ewigen Lebens. II/IV (Kv)
584,4	465	Herr, du hast Worte ewigen Lebens. II/IV (Kv)
584,4	714,1	Herr, du hast Worte ewigen Lebens. II/IV (Kv)
584,4	750,1	Herr, du hast Worte ewigen Lebens. II/IV (Kv)
n.v.	755,1	Herr, du kennst mein Herz
n.v.	536,1	Herr, du rufst uns zu deinem Mahl
n.v.	172,4	Herr, du stehst uns bei in aller Not
n.v.	527,6	Herr, du zogst mich empor
n.v.	451	Herr, erbarme dich
n.v.	452	Herr, erbarme dich
n.v.	453	Herr, erbarme dich
157	n.v.	Herr, erbarme dich (4-stg., Janssens)
126	425	Herr, erbarme dich (Alban)
n.v.	443	Herr, erbarme dich (Allerheiligen-Messe)
152	475	Herr, erbarme dich (Bisegger)
128	440	Herr, erbarme dich (Mainzer Dommesse)
130	436	Herr, erbarme dich (Paulus)
153	463	Herr, erbarme dich (Rohr)
n.v.	792	Herr, erbarme dich unser
134	429	Herr, erbarme dich unser (Florian)
137	433	Herr, erbarme dich unser (Leopold)
151	454	Herr, erbarme dich unser (Quack)
229	526,5	Herr, erhebe dich, I (Kv)
859,8	n.v.	Herr, erhöre uns
n.v.	646,4	Herr, führ uns zusammen, dass wir eins sind in dir
923	893	Herr, gib Frieden dieser Seele (verändert)
n.v.	529,4	Herr, gib uns Frieden, schenk uns dein Heil
448	521	Herr, gib uns Mut zum Hören (erweitert)
448	n.v.	Herr, gib uns Mut zum Hören (geändert)
n.v.	458	Herr, Gott im Himmel, dir sei Ehr
n.v.	172,2	Herr, hilf uns vor dem Bösen
n.v.	739,1	Herr, hilf uns vor dem Bösen
435	n.v.	Herr, ich bin dein Eigentum
508	n.v.	Herr, lehre uns, dass wir sterben müssen
868	n.v.	Herr, mach' mich zum Werkzeug deines Friedens (geändert)
552	n.v.	Herr, mach' uns stark im Mut
98	n.v.	Herr, mein Beten steige zu dir auf / Mein Beten steige (2-stg., geändert)
363	n.v.	Herr, nimm auch uns zum Tabor mit
614,1	683	Herr, öffne meine Lippen
n.v.	612	Herr, sei gelobt durch deinen Knecht
222	112	Herr, send herab uns deinen Sohn (verändert)
222	n.v.	Herr, send herab uns deinen Sohn / Herr, sende, den du senden willst (geändert)
617,4	n.v.	Herr, sende uns deinen Geist
640,1	193	Herr, unser Gott, bekehre uns
414	298	Herr, unser Herr, wie bist du zugegen
33,1	710,1	Herr, unser Herrscher, VII (Kv)
34,1	626,3	Herr, wer darf Gast sein in deinem Zelt, VI, (Kv, geändert)
184	534	Herr, wir bringen in Brot und Wein
449	n.v.	Herr, wir hören auf dein Wort
n.v.	526,4	Herr, wir rufen zu dir: Gib Frieden der Welt
371	n.v.	Herz Jesu, Gottes Opferbrand
564	768	Herz-Jesu-Litanei
290	180	Herzliebster Jesu
n.v.	835	Heut ist gefahren Gottes Sohn
635,4	149,3	Heute erstrahlt ein Licht über uns, V (Kv)
635,3	149,2	Heute ist uns der Heiland geboren, V (Kv)
440	622	Hilf, Herr meines Lebens
n.v.	761,1	Himmel und Erde, lobet den Herrn
n.v.	705	Hinunter ist der Sonne Schein
384	n.v.	Hoch sei gepriesen unser Gott
n.v.	874	Hochpreiset meine Seele
291	n.v.	Holz auf Jesu Schulter
749	818	Hör' uns, Schöpfer
53,1	529,5	Hört auf die Stimme des Herrn, VI (Kv, geändert)
288	n.v.	Hört das Lied der finstern Nacht
621	n.v.	Hört, eine helle Stimme ruft (Advent)
859,4	n.v.	Hört, eine Stimme ruft (Kanon)
240	139	Hört, es singt und klingt
279	199	Hosanna dem Sohne Davids (Kyrie)
302,2	196	Hosanna dem Sohne Davids, VII (Kv)
302,3	198,1	Hosanna in der Höhe, VI (Kv, geändert)
n.v.	287,2	Hungrige überhäuft er mit Gutem
41,1	n.v.	Ich bin arm und gebeugt, IV (Kv)
652,2	n.v.	Ich bin das Licht der Welt, VII (Kv)
n.v.	86	Ich bin die Auferstehung und das Leben
491	635	Ich bin getauft und Gott geweiht
629,3	528,3	Ich gehe meinen Weg vor Gott, VI (Kv)
795	n.v.	Ich glaub' an dich, allmächt'ger Gott
793	797	Ich glaube an den einen Gott
792	n.v.	Ich glaube an den Vater
177,2	n.v.	Ich glaube an Gott (Gouzes)
179	447	Ich glaube an Gott (Schmid)
310,2	n.v.	Ich lege mich nieder und ruhe in Frieden, IV (Kv)
99	n.v.	Ich liege, Herr, in deiner Hut
400	n.v.	Ich lobe meinen Gott von ganzem Herzen
383	n.v.	Ich lobe meinen Gott, der aus der Tiefe mich holt, damit ich lebe
852,2	171,1	Ich ruf' dich an, Herr Gott, VIII/III (Kv)
852,2	697,1	Ich ruf' dich an, Herr Gott, VIII/III (Kv)
657,7	n.v.	Ich sagte: In der Mitte meiner Tage, I - Jes 38
75,1	n.v.	Ich schreie zu dir, o Herr, III (Kv)
624,3	n.v.	Ich singe dem Herrn ein Lied, VIII (Ex 15)
256	n.v.	Ich steh' an deiner Krippe hier
256	141	Ich steh' an deiner Krippe hier (geändert)
422	621	Ich steh' vor dir mit leeren Händen, Herr
n.v.	734,1	Ich suche dich Gott
651,3	n.v.	Ich suchte den Herrn, IV (Kv)
501	746,2	Ich weiß, dass mein Erlöser lebt, VII (Kv, geändert)
n.v.	847	Ich will aus ganzem Herzen mein'
358	558	Ich will dich lieben
433,1	n.v.	Ich will dir danken (Kanon)
n.v.	278	Ich will dir danken, Herr, unter den Völkern
339	229	Ihr Christen, hoch erfreuet euch
542	608	Ihr Freunde Gottes allzugleich
908	n.v.	Ihr Freunde Gottes allzugleich (Heilige der Metropolie)
234,1	120,3	Ihr Himmel, tauet den Gerechten, I (Kv)
248	n.v.	Ihr Kinderlein kommet (verändert)
654,1	651	Ihr seid der Tempel Gottes
n.v.	646,2	Ihr seid ein heiliges Volk
636,2	n.v.	Im Anfang war das Wort (Joh.1)
755	n.v.	Im Dunkel uns'rer Ängste
216	473	Im Frieden dein
847	n.v.	Im Heute und im Morgen
443	n.v.	Im Jubel ernten, die mit Tränen sähen
296	205,1	Im Kreuz ist Heil, IV (Kv)
623,6	176,1	Im Kreuz Jesu Christi finden wir Heil, I (Kv, Benedictus)
877	n.v.	In Christo nova creatura (Kanon)
n.v.	699	In deine Hände leg ich voll Vertrauen
47,1	n.v.	In den Tagen des Herrn, X/V (Kv)
480	n.v.	In den Tagen des Herrn, X/V (Kv)
91	703	In dieser Nacht
253	142	In dulci jubilo
n.v.	597,1	In Gott, meinem Heiland, jubelt mein Geist
n.v.	303	In Gottes Namen fahren wir
n.v.	611	In Jubel, Herr, wir dich erheben
658,1	n.v.	In manus tuas (4-stg., Taizé)
n.v.	597,2	In meinem Gott jubelt mein Herz
516	n.v.	In paradisum
867	n.v.	In tiefer Nacht trifft uns die Kunde (geändert)
n.v.	647,2	Inmitten deiner Kirche, Herr und Gott
331	829	Ist das der Leib, Herr Jesu Christ
123	n.v.	Ite missa est
591,5	379,2	Ite missa est
n.v.	422	Ite missa est (Vat X)
120	418	Ite missa est (Adventus et quadragesima)
112	409	Ite missa est (Missa de Angelis)
591,7	379,3	Ite missa est, Alleluia
n.v.	827	Jauchzet dem Herren
n.v.	286,2	Jauchzet Gott alle Lande
251	144	Jauchzet, ihr Himmel
284	n.v.	Jerusalem, bekehre dich zum Herrn, VI (Kv)
553	n.v.	Jerusalem, du hochgebaute Stadt
338	n.v.	Jerusalem, du neue Stadt
150	n.v.	Jerusalem, rühme den Herrn, V
78,1	n.v.	Jerusalem, rühme den Herrn, V (Kv)
841	n.v.	Jesu, geh' voran
751	n.v.	Jesu, zu dir rufen wir
362	n.v.	Jesus Christ, you are my life
768	174	Jesus Christus ist der Herr, I - Phil 2
768	694	Jesus Christus ist der Herr, I - Phil 2
n.v.	522	Jesus Christus, für uns als Mensch geboren
366	n.v.	Jesus Christus, guter Hirte
810	n.v.	Jesus Christus, Sohn des Lebens
n.v.	512	Jesus ist bei uns
336	831	Jesus lebt, mit ihm auch ich (verändert)
336	n.v.	Jesus lebt, mit ihm auch ich (verändert)
n.v.	652	Jesus starb den Tod, den alle Menschen sterben
367	n.v.	Jesus, dir leb' ich
492	n.v.	Jesus, du bist hier zugegen
492	864	Jesus, du bist hier zugegen (verändert)
808	n.v.	Jesus, Gottes Lamm
561	765,2	Jesus-Litanei (1-3-stg.)
753	819	Jetzt ist die große Gnadenzeit
914	890	Jetzt, Christen, stimmet an
918	883	Johannes auserkoren (geändert)
643,3	232,6	Jubelt dem Herrn, alle Lande, Halleluja, preist unsern Gott, VI (Kv)
827,2	233,2	Jubelt dem Herrn, alle Lande, VI/V (Kv)
49,1	n.v.	Jubelt Gott zu, VI (Kv)
55,1	156	Jubelt, ihr Lande, dem Herrn, VIII (Kv)
55,1	484,1	Jubelt, ihr Lande, dem Herrn, VIII (Kv)
398	n.v.	Jubilate Deo (Kanon, Praetorius)
876	n.v.	Kind, du bist uns anvertraut
850	n.v.	Kleines Senfkorn Hoffnung
148	519	Komm her, freu' dich mit uns
786	n.v.	Komm herab, o Heil'ger Geist (Osnabrück)
344	244	Komm herab, o Heil'ger Geist (Sequenz, Paris) (verändert)
227	108	Komm, du Heiland aller Welt
342	241	Komm, Heil'ger Geist, der Leben schafft (Hymnus)
784	n.v.	Komm, Heil'ger Geist, mit deiner Kraft
n.v.	247	Komm, Heiliger Geist, Herre Gott
801	568	Komm, Herr Jesu, komm
n.v.	565	Komm, Herr Jesus, komm zur Erde
634,6	n.v.	Komm, Herr Jesus, Maranatha
n.v.	118,3	Komm, Herr, komm und erlöse uns
451	n.v.	Komm, Herr, segne uns
n.v.	118,4	Komm, o Herr, und bring uns deinen Frieden
349	250	Komm, o Tröster, Heil'ger Geist
351	245	Komm, Schöpfer Geist
735	816	Kommet, ihr Hirten
885	860	Kommt her, ihr Kreaturen all
140	270	Kommt herbei
886	866	Kommt und lobet ohne End
733,3	120,2	Kommt, lasst uns danken, V (Kv)
811	275	König ist der Herr
n.v.	593	Königin im Himmelreich
754	n.v.	Korn, das in die Erde, in den Tod versinkt
39,1	723,1	Kostet und seht, V (Kv, geändert)
212	471	Kostet und seht, V (Kv, geändert)
212	723,1	Kostet und seht, V (Kv, geändert)
270	n.v.	Kreuz, auf das ich schaue
221	106	Kündet allen in der Not
827,1	529,6	Kündet den Völkern die Herrlichkeit des Herrn, II/IV (Kv)
827,1	740,1	Kündet den Völkern die Herrlichkeit des Herrn, II/IV (Kv)
n.v.	120,1	Kündet es den Verzagten
619,5	n.v.	Kyrie (4-stg., ostkirchlich)
155	n.v.	Kyrie (4-stg., Ukraine)
117	415	Kyrie (Adventus et quadragesima)
113	410	Kyrie (Lux et origo)
108	405	Kyrie (Missa de Angelis)
104	401	Kyrie (Missa mundi)
163	495	Kyrie (mit Versen)
121	n.v.	Kyrie (Orbis factor)
513	653	Kyrie (pro defunctis)
n.v.	419	Kyrie eleison (Missa alme pater)
154	n.v.	Kyrie, Kyrie (4-stg., Taizé)
156	n.v.	Kyrie, Kyrie (Taizé)
207	n.v.	Lamm Gottes (1-3-stg., Gelineau)
722	n.v.	Lamm Gottes (3-stg., Gouzes)
136	432	Lamm Gottes (Florian)
205	n.v.	Lamm Gottes (Kieffer)
139	435	Lamm Gottes (Leopold)
721	n.v.	Lamm Gottes (Linßen)
133	439	Lamm Gottes (Paulus)
206	n.v.	Lamm Gottes (Schindler)
n.v.	460	Lamm Gottes, du nimmst hinweg
n.v.	461	Lamm Gottes, du nimmst hinweg
n.v.	492	Lamm Gottes, du nimmst hinweg
n.v.	498	Lamm Gottes, du nimmst hinweg
n.v.	428	Lamm Gottes, du nimmst hinweg (Alban-Messe)
767	n.v.	Lamm Gottes, für uns gegeben
46,1	n.v.	Lass dein Angesicht über uns leuchten, II (Kv)
n.v.	535,2	Lass dir gefallen, Herr und Gott
446	n.v.	Lass uns in deinem Namen, Herr
181,1	358,3	Lasset zum Herrn uns beten: Herr, erbarme dich (4-stg.)
533	585	Lasst uns erfreuen herzlich sehr
820	840	Lasst uns Gott, dem Herrn, lobsingen
888	859	Lasst uns heilig, heilig singen
489	637	Lasst uns loben
394	n.v.	Laudate Dominum (Kv, 4-stg., Taize)
391	n.v.	Laudate Dominum de caelis, I (Kv, gregorianisch)
386	n.v.	Laudate omnes gentes (Kv, 4-stg., Taizé)
566	769	Lauretanische-Litanei
n.v.	170,1	Lehre uns, Herr, deinen Willen zu tun
617,1	n.v.	Licht aus der Höhe, V (Kv)
159	129	Licht, das uns erschien (1-2-stg., geändert)
n.v.	670	Lieber Gott, ich bin hier
149	520	Liebster Jesu, wir sind hier
569	770	Litanei für die Verstorbenen (verändert)
n.v.	767	Litanei vom heiligsten Sakrament
558	n.v.	Litanei vom Heilswirken Gottes
563	766	Litanei vom Leiden Jesu (verändert)
562	n.v.	Litanei von der Anbetung Jesu Christi (4-stg.)
557	764	Litanei von der Gegenwart Gottes
584,9	562	Lob dir, Christus, König und Erlöser, II (Kv)
176,5	562	Lob dir, Christus, König und Erlöser, VI (geändert)
826	493	Lob sei dem Herrn
762	173,1	Lob sei dir, Herr, IV/II (Kv)
769	n.v.	Lob und Ehre sei dir
392	258	Lobe den Herren
58,1	742,2	Lobe den Herrn, meine Seele, VIII (Kv, geändert)
58,1	759,1	Lobe den Herrn, meine Seele, VIII (Kv, geändert)
n.v.	545	Lobe, Zion, deinen Hirten
81	671	Lobet den Herren
401	496	Lobet den Herrn, VI (Kv)
408	282	Lobet und preiset ihr Völker den Herrn (Kanon)
n.v.	700,2	Lobgesang des Simeon – Sei unser Heil/Herr
258	158	Lobpreiset all zu dieser Zeit
n.v.	231	Lobsinget dem Herrn
n.v.	287,1	Lobsinget Gott, dem Herrn
396	842	Lobt froh den Herrn
247	134	Lobt Gott, ihr Christen
n.v.	414	lte missa est (Vat I)
264,1	n.v.	Lumen ad revelationem gentium, VIII (Kv, gregorianisch)
312,1	207	Lumen Christi / Christus, das Licht (Akklamation)
514	n.v.	Lux aeterna, VIII
219	n.v.	Mache dich auf und werde Licht (Kanon)
n.v.	119,5	Machet euch auf, steigt empor
218	107	Macht hoch die Tür
360	852	Macht weit die Pforten in der Welt
390	n.v.	Magnificat (Doppelkanon, Taizé)
634,4	127	Magnificat, II (III): Meine Seele preist die Größe des Herrn (geändert)
631,4	689	Magnificat, IX: Meine Seele preist die Größe des Herrn (Kv)
644,4	127	Magnificat, VII (III): Meine Seele preist die Größe des Herrn (geändert)
631,8	690	Magnificat, VIII (VI) (geändert)
472	n.v.	Manchmal feiern wir mitten im Tag ein Fest der Auferstehung
n.v.	299	Manchmal kennen wir Gottes Willen
522	587	Maria aufgenommen ist (geändert)
224	n.v.	Maria durch ein Dornwald ging
893	873	Maria ging geschwind
n.v.	590	Maria sei gegrüßt...den du empfangen hast
n.v.	592	Maria sei gegrüßt...der aus dem Grab erstand
n.v.	591	Maria sei gegrüßt...der für uns Blut geschwitzt
534	595	Maria, breit' den Mantel aus
521	594	Maria, dich lieben
895	579	Maria, Himmelskönigin
896	n.v.	Maria, Maienkönigin
530	577	Maria, Mutter unsres Herrn
903	n.v.	Maria, Mutter, Friedenshort
567	n.v.	Marienlob-Litanei (3-stg.)
524	878	Meerstern, ich dich grüße
524	578	Meerstern, ich dich grüße / Meerstern, sei gegrüßet (geändert)
n.v.	578	Meerstern, sei gegrüßet
710	n.v.	Mein Beten steige vor dir auf, VI (Kv)
143	264	Mein ganzes Herz erhebet sich
650,2	n.v.	Mein Geist jubelt über meinen Gott, II (Kv)
293	176,2	Mein Gott, mein Gott, warum hast du mich verlassen, IV (Kv)
293	715,1	Mein Gott, mein Gott, warum hast du mich verlassen, IV (Kv)
649,5	730,1	Mein Herz ist bereit, VII (Kv, geändert)
625,3	n.v.	Mein Herz ist voll Freude über den Herrn, (1 Sam 2)
625,2	n.v.	Mein Herz ist voll Freude über den Herrn, VIII (Kv)
421	849	Mein Hirt ist Gott, der Herr
n.v.	627,1	Mein Leben lobsinge Gott dem Herrn
361	559	Mein schönste Zier und Kleinod
n.v.	892	Mein Seel' verlangt nach dir
843	n.v.	Meine Augen finden deine Himmel nicht
623,3	n.v.	Meine Augen fließen über, II (Jeremia 14)
n.v.	528,4	Meine Augen schauen allezeit zum Herrn
437	n.v.	Meine engen Grenzen
307,5	n.v.	Meine Hilfe und mein Retter bist du, I (Kv)
365	n.v.	Meine Hoffnung und meine Freude (Kv, 4-stg., Taizé)
420	676,1	Meine Seele dürstet nach dir, II (Kv)
420	754,1	Meine Seele dürstet nach dir, II (Kv)
859	n.v.	Meine Seele lobt dich (Kv)
634,4	127	Meine Seele preist die Größe des Herrn, II (III) - Magnificat (geändert)
631,4	689	Meine Seele preist die Größe des Herrn, IX - Magnificat
644,4	127	Meine Seele preist die Größe des Herrn, VIII (III) - Magnificat (geändert)
57,1	527,3	Meine Seele, preise den Herrn, II (Kv)
650,3	527,3	Meine Seele, preise den Herrn, II (Kv)
650,3	743,1	Meine Seele, preise den Herrn, II (Kv)
809	820	Meinen Jesus lass ich nicht
245	n.v.	Menschen, die ihr wart verloren
745	n.v.	Messias, Jesus, einz'ger Sohn
461	616	Mir nach, spricht Christus, unser Held
657,6	n.v.	Misericordias Domini (Kv, 4-stg., Taizé)
905	n.v.	Mit dir, Maria, singen wir
731	113	Mit Ernst, o Menschenkinder
162	311	Mit lauter Stimme ruf' ich zum Herrn
n.v.	535,3	Mit seinen Flügeln schirmt dich Gott
503	654	Mitten wir im Leben
849	n.v.	Mögen sich die Wege
853	n.v.	Mon ame se repose (Kv, Taizé, mehrsprachig)
84	668	Morgenglanz der Ewigkeit
372	555	Morgenstern der finstern Nacht
568	879	Mutter Gottes, wir rufen zu dir
n.v.	377,2	Mysterium fidei
42,1	209,3	Nach Gott, dem Lebendigen (Kv), VIa / Meine Seele dürstet (Kv, geändert)
42,1	676,1	Nach Gott, dem Lebendigen (Kv), VIa / Meine Seele dürstet (Kv, geändert)
42,1	726,1	Nach Gott, dem Lebendigen (Kv), VIa / Meine Seele dürstet (Kv, geändert)
42,1	754,1	Nach Gott, dem Lebendigen (Kv), VIa / Meine Seele dürstet (Kv, geändert)
839	n.v.	Nada de turbe (Kv, 4-stg., Taizé)
864	n.v.	Nah ist der Herr (Kv, Taizé)
n.v.	617	Nahe wollt der Herr uns sein
502	n.v.	Näher, mein Gott, zu dir
n.v.	763	Namen-Gottes-Litanei
631,6	n.v.	Natus est nobis hodie, VIII (Kv)
711	800	Nimm an, o Herr, die Gaben
n.v.	799	Nimm, Heil'ger Vater, ew'ger Gott
188	n.v.	Nimm, o Gott, die Gaben, die wir bringen
712	n.v.	Nimm, o Vater, was wir spenden
434	n.v.	Noch ehe die Sonne am Himmel stand
348	248	Nun bitten wir den Heiligen Geist
403	267	Nun danket all und bringet Ehr'
405	266	Nun danket alle Gott
773	222	Nun freue dich, du Christenheit
776	226	Nun freut euch hier und überall
241	143	Nun freut euch, ihr Christen
638	n.v.	Nun ist sie da, die rechte Zeit (Hymnus, geändert)
144	474	Nun jauchzt dem Herren, alle Welt
n.v.	119,6	Nun kündet laut den verzagten Herzen
500	660	Nun lässest du, o Herr (geändert)
665,3	90,2	Nun lässt du, Herr, deinen Knecht, Lk 2, III - Nunc dimittis
n.v.	845	Nun lasst uns aus der Seele Grund
824	848	Nun lob, mein Seel, den Herren
393	265	Nun lobet Gott im hohen Thron
832	862	Nun lobet Gott und singet
101	n.v.	Nun ruhen alle Wälder
385	269	Nun saget Dank und lobt den Herren
509	n.v.	Nun sich das Herz von allem löste
902	880	Nun sind wir alle frohgemut
487	638	Nun singe Lob, du Christenheit
551	262	Nun singt ein neues Lied dem Herren
705	n.v.	Nunc dimittis (Taize)
665,3	700,3	Nunc dimittis, Lk 2, III: Nun lässt du, Herr, deinen Knecht
n.v.	858	O Christ, hie' merk
859,3	n.v.	O Christe Domine Jesu (Kv, 4-stg., Taizé)
238	n.v.	O du fröhliche
294	182	O du hochheilig Kreuze (geändert)
n.v.	804	O du Lamm Gottes (Goller)
202	n.v.	O du Lamm Gottes (Quack)
471	307	O ew'ger Gott, wir bitten dich
628	n.v.	O Gott, dein Wille schuf die Welt (Hymnus)
627	683	O Gott, komm' mir zu Hilfe
n.v.	306	O Gott, streck aus dein milde Hand
805	n.v.	O großer König
289	179	O Haupt voll Blut und Wunden
n.v.	515	O Heiland, Herr der Herrlichkeit
231	105	O Heiland, reiß' die Himmel auf
213	503	O heil'ge Seelenspeise / O wunderbare Speise (geändert)
887	538	O heil'ger Leib des Herrn
789	838	O Heiligste Dreieinigkeit
352	n.v.	O Heiligste Dreifaltigkeit
271	169	O Herr, aus tiefer Klage
273	168	O Herr, nimm unsere Schuld
233	n.v.	O Herr, wenn du kommst
n.v.	504	O Herr, wir loben und preisen dich
369	549	O Herz des Königs aller Welt (geändert)
n.v.	181	O hilf, Christe, Gottes Sohn durch dein bitter Leiden
n.v.	575	O Himmelskönigen frohlocke
n.v.	167	O höre Herr, erhöre mich
485	643	O Jesu Christe, wahres Licht
377	472	O Jesu, all mein Leben bist du
899	n.v.	O Jungfrau, wir dich grüßen
730	n.v.	O komm, o komm, Immanuel (geändert)
203	470	O Lamm Gottes, unschuldig
334	208	O Licht der wunderbaren Nacht
368	550	O lieber Jesu, denk' ich dein (Hymnus)
523	582	O Maria, sei gegrüßt
267	166	O Mensch, bewein' dein Sünde groß
n.v.	881	O Mutter mein, Maria
359	n.v.	O sel'ger Urgrund
737	814	O selige Nacht (2 Fassungen)
n.v.	870	O Seligkeit, getauft zu sein
764	n.v.	O Sonn des Heiles
295	188	O Traurigkeit
510	659	O Welt, ich muss dich lassen
n.v.	891	O Welterlöser, Jesu Christ
447	n.v.	Öffne meine Augen, VIII (Kv)
783	n.v.	Öffnet euch, ihr Tore
634,2	n.v.	Ostende nobis (Kv, Taizé)
494	543	Pange lingua
589,3	378,1	Pater noster
589,7	379,1	Pax Domini sit semper vobiscum
n.v.	377,3	Per omnia saecula saeculorum
171	486	Preis und Ehre
493	544	Preise, Zunge, das Geheimnis / Das Geheimnis lasst uns künden (Text geändert)
833,1	477	Preiset den Herrn zu aller Zeit, V/VI (Kv)
833,1	723,3	Preiset den Herrn zu aller Zeit, V/VI (Kv)
n.v.	280	Preiset den Herrn, denn er ist gut
n.v.	677,1	Preist den dreifaltigen Gott
31,2	708,2	Psalm 001, IV: Wohl dem Mann, der nicht dem Rat der Frevler folgt
32,2	709,2	Psalm 002, I (II): Warum toben die Völker (geändert)
310,3	697,2	Psalm 004, IV (VIII): Wenn ich rufe, erhöre mich (geändert)
664,2	697,2	Psalm 004, VIII: Wenn ich rufe, erhöre mich
33,2	710,2	Psalm 008, VII: Herr, unser Herrscher
34,2	n.v.	Psalm 015, VI: Herr, wer darf Gast sein in deinem Zelt
649,3	n.v.	Psalm 016, II: Behüte mich, Gott
35,2	713,2	Psalm 019a, VII (II): Die Himmel rühmen die Herrlichkeit Gottes (geändert)
35,2	714,2	Psalm 019b, VII (II): Die Weisung des Herrn ist vollkommen (geändert)
36,2	715,2	Psalm 022a, II (III): Mein Gott, mein Gott, warum hast du mich verlassen (geändert)
36,2	716,2	Psalm 022b, II (III): Ich bin hingeschüttet wie Wasser (geändert)
36,2	717,2	Psalm 022c, II (III): Ich will deinen Namen meinen Brüdern verkünden (geändert)
37,2	718,2	Psalm 023, VI: Der Herr ist mein Hirte
633,4	122,2	Psalm 024, VII (VIII): Dem Herrn gehört die Erde (geändert)
38,2	719,2	Psalm 027, IV: Der Herr ist mein Licht und mein Heil
629,2	n.v.	Psalm 030, I: Ich will dich rühmen, Herr
39,2	723,4	Psalm 034,11ff., V: Kommt ihr Kinder, hört mir zu (gekürzt)
651,4	723,4	Psalm 034a, IV (V): Ich will den Herrn allezeit preisen (geändert)
651,6	723,4	Psalm 034b, V: Kommt, ihr Kinder (gekürzt)
40,2	724,2	Psalm 036,6ff., I (IX): Herr, deine Güte reicht, soweit der Himmel ist (geändert)
41,2	725,2	Psalm 040, IV (I/IX): Ich hoffte, ja ich hoffte auf den Herrn (geändert)
42,2	726,2	Psalm 042f., VI (II): Wie ein Hirsch lechzt nach frischem Wasser (geändert)
43,2	n.v.	Psalm 045, V: Mein Herz fließt über von froher Kunde
653,6	650,2	Psalm 046, VII: Gott ist uns Zuflucht und Stärke
44,2	727,2	Psalm 047, VII (VIII): Ihr Völker alle, klatscht in die Hände (geändert)
639,2	190,2	Psalm 051, IV: Gott, sei mir gnädig nach deiner Huld
639,2	85,3	Psalm 051, XI: Erbarme dich meiner, o Gott (geändert)
649,6	n.v.	Psalm 057a, VII: Sei mir gnädig
649,6	601,2	Psalm 057b, VII (III): Mein Herz ist bereit (geändert)
649,6	730,2	Psalm 057b, VII (III): Mein Herz ist bereit (geändert)
616,2	676,2	Psalm 063, IV (II): Gott, du mein Gott, dich suche ich (geändert)
618,3	676,2	Psalm 063, mehrst.: Gott, du mein Gott, dich suche ich (geändert)
45,2	731,2	Psalm 065, VI (VIII): Dir gebührt Lobgesang (geändert)
46,2	732,2	Psalm 067, II (III): Gott sei uns gnädig und segne uns (geändert)
635,5	152,2	Psalm 072, V (VI): Verleih dein Richteramt (geändert)
47,2	152,2	Psalm 072a, V (VI): Verleih dein Richteramt (geändert)
47,2	153,2	Psalm 072b, V (VI): Die Könige von Tarschisch (geändert)
48,2	735,2	Psalm 080, I (II): Du Hirte Israels, höre (geändert)
49,2	n.v.	Psalm 081, VI: Jubelt Gott zu
653,4	649,2	Psalm 084, V: Wie liebenswert ist deine Wohnung
633,6	123,2	Psalm 085, II (IV): Einst hast du, Herr, dein Land begnadet (geändert)
633,6	600,2	Psalm 085, II (IV): Einst hast du, Herr, dein Land begnadet (geändert)
633,7	600,2	Psalm 085, II (mehrst.): Einst hast du, Herr, dein Land begnadet (geändert)
50,2	736,2	Psalm 090, I (IV): Herr, du warst unsere Zuflucht (geändert)
664,6	698,2	Psalm 091, V (VIII): Wer im Schutz des Höchsten wohnt (geändert)
51,2	737,2	Psalm 092, I: Wie schön ist es, dem Herrn zu danken
52,2	738,2	Psalm 093, VIII: Der Herr ist König, bekleidet mit Hoheit
53,2	n.v.	Psalm 095, VI (V): Kommt, lasst uns jubeln vor dem Herrn
54,2	151,3	Psalm 096, VIII (II): Singt dem Herrn ein neues Lied (geändert)
54,2	740,2	Psalm 096, VIII (II): Singt dem Herrn ein neues Lied (geändert)
635,8	151,3	Psalm 096, VIII (II): Singt dem Herrn ein neues Lied (geändert)
635,8	740,2	Psalm 096, VIII (II): Singt dem Herrn ein neues Lied (geändert)
55,2	484,2	Psalm 098, VIII: Singt dem Herrn ein neues Lied
56,2	741,2	Psalm 100, V: Jauchzt vor dem Herrn
57,2	742,3	Psalm 103, II (IV): Lobe den Herrn, meine Seele (geändert)
657,4	742,3	Psalm 103, II (IV): Lobe den Herrn, meine Seele (geändert)
58,2	743,2	Psalm 104a, VIII (I): Lobe den Herrn, meine Seele (geändert)
58,2	744,2	Psalm 104b, VIII (VI): Du lässt die Quellen hervorsprudeln (geändert)
645,4	253,2	Psalm 104c, VII: Herr, wie zahlreich sind deine Werke
58,2	253,2	Psalm 104c, VIII (VII): Herr, wie zahlreich sind deine Werke (geändert)
59,2	684,2	Psalm 110, I (II): So spricht der Herr zu meinem Herrn (geändert)
60,2	685,2	Psalm 111, VI: Den Herrn will ich preisen
61,2	630,2	Psalm 112, VI (IV): Wohl dem Mann, der den Herrn fürchtet (geändert)
62,2	693,2	Psalm 113, V (IV): Lobet, ihr Knechte des Herrn (geändert)
63,2	n.v.	Psalm 114, IX: Als Israel aus Ägypten auszog
643,2	n.v.	Psalm 114, IX: Als Israel aus Ägypten auszog
64,2	745,2	Psalm 115, II (IX): Nicht uns, o Herr, bring zu Ehren (geändert)
629,4	746,3	Psalm 116, VI (VII): Ich liebe den Herrn (geändert)
n.v.	747,2	Psalm 116b: Voll Vertrauen war ich, auch wenn ich sagte
65,2	748,2	Psalm 117, VI (V): Lobet den Herrn, alle Völker (geändert)
65,5	749	Psalm 117, VI: Laudate Dominum
125,2	n.v.	Psalm 118, VIII: Confitemini Domino
643,4	n.v.	Psalm 118a, VI: Danket dem Herrn, denn er ist gütig
643,5	235,2	Psalm 118a, VI: In der Bedrängnis rief ich zum Herrn
66,2	235,2	Psalm 118ab, VI: Danket dem Herrn, denn er ist gütig
643,5	235,4	Psalm 118b, VI: Alle Völker umringen mich
66,2	236,2	Psalm 118c, VI: Öffnet mir die Tore zur Gerechtigkeit
643,5	236,2	Psalm 118c, VI: Öffnet mir die Tore zur Gerechtigkeit
n.v.	750,2	Psalm 119a: Wohl denen, deren Weg ohne Tadel ist
n.v.	751,2	Psalm 119b: Herr, öffne mir die Augen
67,2	752,2	Psalm 121, VI (IX): Ich hebe meine Augen auf zu den Bergen (geändert)
68,2	692,2	Psalm 122, VI (VIII): Ich freute mich, als man mir sagte (geändert)
69,2	753,2	Psalm 126, IX (II): Als der Herr das Los der Gefangenschaft Zions wendete (geändert)
70,2	n.v.	Psalm 127, X: Wenn nicht der Herr das Haus baut
71,2	n.v.	Psalm 128, VIII: Wohl dem Mann, der den Herrn fürchtet und ehrt
639,4	191,2	Psalm 130, II (VII): Aus der Tiefe rufe ich zu dir (geändert)
72,2	n.v.	Psalm 131, VI: Herr, mein Herz ist nicht stolz
73,2	n.v.	Psalm 133, VI: Seht doch, wie gut und schön ist es
664,4	697,3	Psalm 134, VIII: Wohlan, nun preiset den Herrn
74,2	n.v.	Psalm 137, I: An den Strömen von Babel
n.v.	754,2	Psalm 137: An den Strömen von Babel
657,2	755,2	Psalm 139, IV: Herr, du hast mich erforscht
661,3	n.v.	Psalm 141, II: Herr, ich rufe zu dir
75,2	756,2	Psalm 142, III (I): Mit lauter Stimme schrei ich zum Herrn (geändert)
76,2	757,2	Psalm 145a, I (VII): Ich will dich rühmen (geändert)
76,2	758,2	Psalm 145b, I: Der Herr ist treu
77,2	759,2	Psalm 146, VII (IV): Lobe den Herrn, meine Seele (geändert)
78,2	760,2	Psalm 147, V (VI): Gut ist es, unserm Gott / Der Herr baut Jerusalem (geändert)
645,6	760,1	Psalm 147a, V (VI): Gut ist es, unserm Gott - 1. Vers (geändert)
79,2	761,2	Psalm 148, VII (II): Lobt den Herrn vom Himmel her (geändert)
n.v.	761,2	Psalm 148: Lobt den Herrn vom Himmel her
80,2	n.v.	Psalm 149, VII: Singt dem Herrn ein neues Lied
616,6	678	Psalm 150, VII: Lobet Gott in seinem Heiligtum
n.v.	728,2	Psalm 49: Hört dies an, ihr Völker alle
n.v.	729,2	Psalm 50: Der Herr der Götter, der Herr spricht
n.v.	733,2	Psalm 71: Herr, ich suche Zuflucht bei dir
n.v.	734,2	Psalm 77: Ich rufe zu Gott, ich schreie
n.v.	739,2	Psalm 94: Erhebe dich, du Richter der Erde
589,5	378,2	Quia tuum est regnum
666,3	574	Regina caeli (Marian. Antiphon)
512	n.v.	Requiem aeternam
n.v.	529,1	Richte uns wieder auf
n.v.	735,1	Richte uns wieder auf, Gott, unser Heil
634,3	126	Richtet euch auf und erhebt euer Haupt, II (Kv)
234,2	120,4	Rorate Caeli, I (Kv)
176,4	197	Ruhm und Preis und Ehre sei dir (geändert)
752	165	Sag' ja zu mir, wenn alles nein sagt
531	588	Sagt an, wer ist doch diese
495	542	Sakrament der Liebe Gottes
666,4	570	Salve Regina (Marian. Antiphon)
n.v.	572	Salve! Maria Königin, Mutter und Königin
118	416	Sanctus (Adventus et quadragesima)
717	n.v.	Sanctus (Kanon, Taizé)
115	412	Sanctus (Lux et origo)
n.v.	420	Sanctus (Missa Alme Pater)
110	407	Sanctus (Missa de Angelis)
106	403	Sanctus (Missa mundi)
n.v.	609	Sankt Josef, Spross aus Davids Stern
545	n.v.	Sankt Martin
n.v.	358,1	Schenke der Welt deinen Frieden
859,2	n.v.	Schön ist, was wir sehen (Kanon)
364	551	Schönster Herr Jesu
433,2	n.v.	Schweige und höre (Kanon)
490	636	Segne dieses Kind (geändert)
535	n.v.	Segne du, Maria
88,1	16,9	Segne, Vater, diese Gaben (Kanon)
n.v.	204,2	Seht das Kreuz, an dem der Herr gehangen
761	n.v.	Seht das Zeichen
262	n.v.	Seht ihr unsern Stern dort stehen (1-3-stg.)
881	n.v.	Seht, das Brot, das wir hier teilen
308,3	204,2	Seht, das Holz des Kreuzes / Seht das Kreuz (Akklamation, geändert)
729	n.v.	Seht, neuer Morgen
263	152,1	Seht, unser König kommt, VI (Kv)
263	526,3	Seht, unser König kommt, VI (Kv)
901	877	Sei gegrüßt, du Gnadenreiche
806	n.v.	Sei gegrüßt, Herr Jesus (3-stg., ostkirchlich)
649,1	600,1	Sei gegrüßt, Maria, II (Kv, Kircheton geändert)
n.v.	571	Sei gegrüßt, o Königin
790	839	Sei gelobt und hochgepriesen
664,1	n.v.	Sei mir gnädig, Herr, VIII (Kv)
308,4	205,2	Sei uns gegrüßt, du heiliges Kreuz, II (Kv)
n.v.	131	Sei uns willkommen, Herre Christ
665,2	700,1	Sei unser Heil, III (Kv)
742	n.v.	Seid nun fröhlich, jubilieret
65,1	n.v.	Seine Gnade währet durch alle Zeit, VI (Kv)
61,1	n.v.	Selig der Mensch, der gütig, VI (Kv)
31,1	n.v.	Selig der Mensch, der seine Freude hat, IV (Kv)
n.v.	598	Selig der Mensch, der trägt den Herrn
458	n.v.	Selig seid ihr, wenn ihr einfach lebt (4-stg.)
459	n.v.	Selig seid ihr, wenn ihr Wunden heilt (4-stg.)
544,2	631,2	Selig, die arm sind vor Gott - Seligpreisungen Mt 5 (geändert)
651,8	631,2	Selig, die arm sind vor Gott - Seligpreisungen Mt 5 (geändert)
651,7	649,1	Selig, die bei dir wohnen, Herr, V (Kv)
653,3	649,1	Selig, die bei dir wohnen, Herr, V (Kv)
275	n.v.	Selig, wem Christus auf dem Weg begegnet
71,1	n.v.	Selig, wer Gott fürchtet, VIII (Kv)
n.v.	836	Send deinen Geist, Herr Jesus Christ
165	246	Send uns deines Geistes Kraft (Kyrie)
312,2	253,1	Sende aus deinen Geist, VII (Kv)
645,3	253,1	Sende aus deinen Geist, VII (Kv)
788	n.v.	Sende deinen Geist aus (Kanon)
747	147	Sieh, dein Licht will kommen
622,4	n.v.	Sieh, der Herr kommt in Herrlichkeit, V (Kv, Benedictus)
n.v.	119,7	Siehe, die Jungfrau wird empfangen
649,4	601,1	Siehe, ich bin die Magd des Herrn, V/VII (Kv, geändert)
n.v.	124,1	Siehe, kommen wird der Herr
189	n.v.	Siehe, wir kommen (Kv)
736	135	Singen wir mit Fröhlichkeit
n.v.	273	Singet dem Herrn ein neues Lied
n.v.	526,2	Singet dem Herrn ein neues Lied
n.v.	232,2	Singet dem Herrn ein neues Lied ... auferstanden
n.v.	232,3	Singet dem Herrn ein neues Lied ... aufgefahren
833,2	527,1	Singet dem Herrn und preiset seinen Namen, II (Kv)
n.v.	513	Singet dem Herrn! Singet ihm mit Freuden!
n.v.	286,1	Singet dem Herrn, ja singet ihm
n.v.	260	Singet Lob unserm Gott
n.v.	277	Singet, danket unserm Gott
n.v.	272	Singt das Lied der Freude über Gott
n.v.	216	Singt das Lob dem Osterlamme
409	268	Singt dem Herrn ein neues Lied
54,1	n.v.	Singt dem Herrn, alle Länder der Erde, VIII (Kv)
376	n.v.	Singt dem Herrn, alle Länder der Erde, VIII (Kv)
280	825	Singt dem König Freudenpsalmen
631,1	217 Kv	Singt ihr Christen, singt dem Herrn, IX (Kv)
44,1	n.v.	Singt unserm Gott, ja singt ihm, VII (Kv)
80,1	n.v.	Singt, singt, singt dem Herrn, VII (Kv)
716	803	Singt: Heilig, heilig
851	n.v.	So nimm denn meine Hände
298	177	So sehr hat Gott die Welt geliebt (Kanon, geändert)
298	194	So sehr hat Gott die Welt geliebt (Kanon, geändert)
640,2	177	So sehr hat Gott die Welt geliebt, IX (Kv, geändert)
640,2	194	So sehr hat Gott die Welt geliebt, IX (Kv, geändert)
807	177	So sehr hat Gott die Welt geliebt, IX/I (Kv)
807	194	So sehr hat Gott die Welt geliebt, IX/I (Kv)
623,5	n.v.	So spricht der Herr: Bekehrt euch, I (Kv, Benedictus)
n.v.	647,1	So spricht der Herr: Bleibet in meiner Liebe
n.v.	561,1	So spricht der Herr: Ich bin der Weg
425	300	Solang' es Menschen gibt auf Erden
481	644	Sonne der Gerechtigkeit (Leise)
261	n.v.	Stern über Bethlehem
249	145	Stille Nacht
417	n.v.	Stimme, die Stein zerbricht
550	n.v.	Ströme lebendigen Wassers
457	n.v.	Suchen und fragen
n.v.	625,1	Suchet das Gute, nicht das Böse
639,6	n.v.	Sucht den Herrn: Jes 55,6-7
779	n.v.	Surrexit Christus (Kv, 4-stg., Taizé)
321	n.v.	Surrexit Dominus vere (Kanon, Taizé)
n.v.	137	Tag an Glanz und Freuden groß
496	541	Tantum ergo
n.v.	868	Tantum ergo (gregorianisch)
883	869	Tantum ergo (OS geändert)
63,1	n.v.	Tanze, du Erde, IX (Kv)
330	n.v.	Tanze, du Erde, IX (Kv)
462	n.v.	Tanzen, ja tanzen wollen wir
158	103	Tau aus Himmelshöh'n (Litanei)
723	809	Tauet Himmel den Gerechten (2 Fassungen)
n.v.	104	Tauet, Himmel aus den Höhn
n.v.	117,1	Tauet, ihr Himmel von oben
n.v.	706	Te Deum (Deutsch)
407	n.v.	Te Deum laudamus (Kanon, Janssens)
379	n.v.	Te Deum laudamus (Kv, gregorianisch)
586,6	376,5	Te rogamus, audi nos
419	n.v.	Tief im Schoß meiner Mutter
228	n.v.	Tochter Zion (4-stg.)
656	n.v.	Tod und Vergehen (Hymnus)
860	n.v.	Tragt in die Welt nun ein Licht
777	834	Triumph! Der Tod ist überwunden
486	645,1	Tu es Petrus, VII (Kv)
445	n.v.	Ubi caritas (2-stg., Taizé - geändert)
285	625,2	Ubi Caritas, I (Kv, gregorianisch)
623,2	n.v.	Um deines Namens Willen, Herr, II (Kv)
274	n.v.	Und suchst du meine Sünde
n.v.	812	Uns ist gebor'n ein Kinderlein
819	n.v.	Unser Leben sei ein Fest
50,1	736,1	Unsere Tage zu zählen, lehre uns, I (Kv) / Vor dir sind tausend Jahre (geändert)
900	n.v.	Unter dem Kreuze
n.v.	606	Unüberwindlich starker Held
n.v.	56,3	Vater ich habe gesündigt vor Dir
504	n.v.	Vater im Himmel, höre unser Klagen
n.v.	363	Vater unser
661,8	n.v.	Vater unser (4-stg., Rimskij-Korsakov)
589,2	362	Vater unser (Messe)
632,2	691	Vater unser (Vesper)
846	850	Vater unser, der du wohnest
n.v.	821	Vater von dem Himmelsthron
308,1	203,1	Vater, in deine Hände empfehle ich meinen Geist, IV (Kv)
n.v.	176,4	Vater, wenn es möglich ist
341	240	Veni Creator Spiritus (Hymnus)
345,2	n.v.	Veni Sancte Spiritus (Kv, 4-stg., Taizé)
343	243	Veni Sancte Spiritus (Sequenz)
345,1	n.v.	Veni Sancte Spiritus, tui amoris ignem accende (4-stg., Taizé)
631,7	n.v.	Venite et videte, VIII (Kv)
276	n.v.	Verbirg dein Gesicht vor meinen Sünden, II (Kv)
n.v.	376,1	Verbum Domini – Deo gratias
n.v.	376,2	Verbum Domini – Deo gratias
n.v.	376,4	Verbum Domini – Laus tibi Christe
n.v.	57,6	Vergib uns unsre Schuld
475	310	Verleih' uns Frieden gnädiglich
n.v.	172,1	Verschone uns, Herr
856	n.v.	Vertraut den neuen Wegen
320	215	Victimae pascali laudes (Sequenz)
125,1	424,2	Vidi aquam
374	n.v.	Volk Gottes, zünde Lichter an
n.v.	556	Völker aller Land, schlaget
n.v.	647,3	Vollende, o Gott, vom Himmel her
415	n.v.	Vom Aufgang der Sonne (Kanon)
237	138	Vom Himmel hoch
324	224	Vom Tode heut' erstanden ist
310,1	n.v.	Von den Ketten des Todes befreit uns der Herr, VI (Kv)
920	n.v.	Von Gott bist du so hoch geehrt
858	n.v.	Von guten Mächten treu und still umgeben - Fietz (geändert)
430	n.v.	Von guten Mächten treu und still umgeben - Grahl (geändert)
310,4	n.v.	Vor den Pforten der Unterwelt, I (Kv)
657	n.v.	Vor dir ist auch die Finsternis nicht finster (Kv)
554	110	Wachet auf, ruft uns die Stimme
756	822	Wacht auf, ihr Christen
774	830	Wahrer Gott, wir glauben dir
916	n.v.	War der Weg auch unbekannt (Niels Stensen, geändert)
848	n.v.	Was alle Zeiten sich erhofften
416	294	Was Gott tut, das ist wohlgetan
n.v.	619	Was ihr dem geringsten Menschen
186	490	Was uns die Erde Gutes spendet
863	n.v.	Wasser des Lebens
n.v.	663	Weder Tod noch Leben
n.v.	217	Weihet dem Osterlamm
470	n.v.	Wenn das Brot, das wir teilen
463	n.v.	Wenn ich, Schöpfer, deine Macht
n.v.	658	Wenn mein Stündlein vorhanden ist
474	n.v.	Wenn wir das Leben teilen
n.v.	846	Wenn wir in höchsten Nöten
n.v.	514	Wenn wir jetzt weitergehen
714	n.v.	Wenn wir unsere Gaben bringen
n.v.	536,2	Wer allzeit lebt in deiner Liebe
460	183	Wer leben will wie Gott auf dieser Erde
n.v.	173,2	Wer nicht von neuem geboren wird
424	295	Wer nur den lieben Gott läßt walten
n.v.	296	Wer nur den lieben Gott lässt walten
423	291	Wer unter'm Schutz des Höchsten steht
260	153,1	Werde licht, Jerusalem, VI (Kv)
n.v.	117,2	Werdet wach, erhebet euch
441	n.v.	Wie deines Auges Stern behüte mich (Kv)
312,8	n.v.	Wie der Hirsch verlangt nach frischem Wasser, V (Kv)
872	n.v.	Wie ein Fest nach langer Trauer
72,1	n.v.	Wie ein gestilltes Kind bei seiner Mutter, VI (Kv)
866	n.v.	Wie groß sind deine Werke, Herr
n.v.	744,1	Wie groß sind Deine Werke, Herr
51,1	n.v.	Wie groß sind deine Werke, I (Kv)
n.v.	633	Wie herrlich ist das Reich
74,1	n.v.	Wie könnte ich dich dich je vergessen, I (Kv, geändert)
854	851	Wie mein Gott will, bin ich bereit
n.v.	737,1	Wie schön ist es, dem Herrn zu danken
357	554	Wie schön leuchtet der Morgenstern
661,2	n.v.	Wie Weihrauch steige mein Gebet, II / Mein Beten steige (Kv, geändert)
97	n.v.	Wie Weihrauch steige mein Gebet, VI / Mein Beten steige (2-3-stg., geändert)
757	826	Wir aber soll'n uns rühmen
n.v.	539	Wir alle essen von einem Brot
890	863	Wir beten an dich, wahres Lebensbrot
297	178	Wir danken dir, Herr Jesu Christ
765	n.v.	Wir empfangen Jesus in Jerusalem
817	n.v.	Wir feiern heut' ein Fest
791	467	Wir glauben an den einen Gott
n.v.	450	Wir glauben an Gott Vater
355	276	Wir glauben Gott im höchsten Thron (geändert)
355	796	Wir glauben Gott im höchsten Thron (geändert)
871	n.v.	Wir haben hier den Tisch gedeckt (Kanon)
889	n.v.	Wir preisen deinen Tod (Kanon)
211	483	Wir rühmen dich, König der Herrlichkeit
305,1	n.v.	Wir rühmen uns im Kreuz, V (Kv)
n.v.	286,3	Wir rühmen uns in Gott den ganzen Tag
223	115	Wir sagen euch an
n.v.	184	Wir schlugen ihn
n.v.	646,3	Wir sind auf Christus getauft
n.v.	526,1	Wir sind Gottes Volk
n.v.	645,2	Wir sind Gottes Volk
n.v.	655	Wir sind mitten im Leben
505	656	Wir sind nur Gast auf Erden
187	480	Wir weih'n der Erde Gaben
713	n.v.	Wir weih'n, wie du geboten
326	223	Wir wollen alle fröhlich sein
911	n.v.	Wir wollen, Gott, dir danken (Lübecker Märtyrer)
225	n.v.	Wir ziehen vor die Tore der Stadt
438	n.v.	Wir, an Babels fremden Ufern
442	645,3	Wo die Güte und die Liebe wohnt, VI (Kv und Verse) / Wo Güte und Liebe (geändert)
305,5	645,3	Wo die Güte und die Liebe wohnt, VI (Kv, geändert)
442	857	Wo die Güte und die Liebe, IV (geändert, mit Versen)
770	857	Wo die Güte und die Liebe, IV (Kv)
305,5	n.v.	Wo die Güte und die Liebe, IV (Kv, geändert)
873	n.v.	Wo Menschen sich vergessen
845	n.v.	Wo zwei oder drei (Kanon)
145	n.v.	Wohin soll ich mich wenden
n.v.	630,1	Wohl dem Menschen, der Gottes Wege geht
n.v.	708,1	Wohl dem Menschen, der Gottes Wege geht
543	614	Wohl denen, die da wandeln
n.v.	528,5	Wohl euch, die ihr seht
910	n.v.	Wohlan, ihr Christen alle
n.v.	623	Worauf sollen wir hören, sag uns worauf
n.v.	355,1	Wort des lebendigen Gottes
804	n.v.	Wort des Vaters, Licht der Heiden (Darstellung des Herrn)
898	875	Wunderschön prächtige
653,8	n.v.	Würdig bist du, unser Herr und Gott, Offb 4,11
653,7	n.v.	Würdig ist das Lamm (Kv)
272	n.v.	Zeige uns, Herr, deine Allmacht
837	304	Zieh an die Macht
239	140	Zu Bethlehem geboren
n.v.	884	Zu der Apostel Preis und Ruhm
n.v.	529,2	Zu dir, Herr, erhebe ich meine Seele
142	462	Zu dir, o Gott, erheben wir
664,3	n.v.	Zu nächtlicher Stunde preiset den Herrn (Kv)
515	84	Zum Paradies mögen Engel dich geleiten
